actividad_id,organizacion_id,categoria_id,nombre,descripcion,ubicacion,fecha_inicio,fecha_fin,estado
1,20,6,Talleres educativos,Actividad de asistencia social organizada por voluntarios comprometidos,Distrito San Juan de Lurigancho,2025-08-12,2025-09-25,Finalizada
2,13,4,Distribucion de alimentos,Actividad de alimentacion organizada por voluntarios comprometidos,Distrito Carabayllo,2026-01-07,2026-02-07,Cancelada
3,2,11,Rescate de animales,Actividad de proteccion animal organizada por voluntarios comprometidos,Distrito Villa Maria del Triunfo,2024-11-15,2024-12-27,Finalizada
4,3,8,Liga deportiva,Actividad de deporte y recreacion organizada por voluntarios comprometidos,Distrito Carabayllo,2025-01-09,2025-01-17,Finalizada
5,12,3,Limpieza de rios,Actividad de medio ambiente organizada por voluntarios comprometidos,Distrito La Victoria,2024-12-26,2025-01-14,Finalizada
6,9,7,Taller de musica,Actividad de cultura y arte organizada por voluntarios comprometidos,Distrito Santa Anita,2025-08-06,2025-08-31,Finalizada
7,19,10,Atencion medica especializada,Actividad de atencion a adultos mayores organizada por voluntarios comprometidos,Distrito San Juan de Miraflores,2025-06-23,2025-07-21,Finalizada
8,4,4,Comedor infantil,Actividad de alimentacion organizada por voluntarios comprometidos,Distrito San Martin de Porres,2025-12-11,2025-12-31,Planificada
9,9,5,Construccion de casas,Actividad de construccion organizada por voluntarios comprometidos,Distrito Comas,2025-04-14,2025-05-16,Finalizada
10,8,8,Caminata benefica,Actividad de deporte y recreacion organizada por voluntarios comprometidos,Distrito Los Olivos,2024-12-06,2025-01-14,Finalizada
11,15,2,Taller de primeros auxilios,Actividad de salud organizada por voluntarios comprometidos,Distrito Los Olivos,2025-07-10,2025-07-16,Finalizada
12,7,12,Proteccion infantil,Actividad de atencion a ninos organizada por voluntarios comprometidos,Distrito Los Olivos,2025-02-06,2025-02-12,Finalizada
13,2,1,Taller de computacion,Actividad de educacion organizada por voluntarios comprometidos,Distrito Independencia,2025-09-07,2025-10-02,En curso
14,19,3,Limpieza de playas,Actividad de medio ambiente organizada por voluntarios comprometidos,Distrito Independencia,2025-07-15,2025-07-31,Finalizada
15,6,3,Jardines comunitarios,Actividad de medio ambiente organizada por voluntarios comprometidos,Distrito Santa Anita,2025-12-21,2026-01-17,Cancelada
16,13,7,Taller de musica,Actividad de cultura y arte organizada por voluntarios comprometidos,Distrito Lima Centro,2025-02-23,2025-03-18,Finalizada
17,14,3,Reciclaje comunitario,Actividad de medio ambiente organizada por voluntarios comprometidos,Distrito Carabayllo,2025-04-11,2025-05-14,Finalizada
18,10,7,Exposicion artistica,Actividad de cultura y arte organizada por voluntarios comprometidos,Distrito Comas,2025-10-04,2025-10-20,Finalizada
19,18,3,Limpieza de playas,Actividad de medio ambiente organizada por voluntarios comprometidos,Distrito San Luis,2025-05-03,2025-06-02,Finalizada
20,15,8,Escuela deportiva,Actividad de deporte y recreacion organizada por voluntarios comprometidos,Distrito Lima Centro,2026-01-21,2026-02-11,Planificada
21,4,5,Construccion de parques,Actividad de construccion organizada por voluntarios comprometidos,Distrito El Agustino,2024-12-21,2025-01-25,Finalizada
22,14,10,Terapia ocupacional,Actividad de atencion a adultos mayores organizada por voluntarios comprometidos,Distrito La Victoria,2024-12-05,2024-12-10,Finalizada
23,16,7,Taller de musica,Actividad de cultura y arte organizada por voluntarios comprometidos,Distrito Chorrillos,2026-01-14,2026-02-09,Planificada
24,6,9,Emprendimiento comunitario,Actividad de desarrollo comunitario organizada por voluntarios comprometidos,Distrito Comas,2025-05-23,2025-07-01,Finalizada
25,9,7,Festival cultural,Actividad de cultura y arte organizada por voluntarios comprometidos,Distrito Los Olivos,2024-12-03,2025-01-16,Finalizada
26,1,2,Jornada medica gratuita,Actividad de salud organizada por voluntarios comprometidos,Distrito Los Olivos,2025-02-10,2025-02-24,Finalizada
27,1,4,Distribucion de alimentos,Actividad de alimentacion organizada por voluntarios comprometidos,Distrito La Victoria,2025-06-30,2025-08-10,Finalizada
28,19,1,Campana de alfabetizacion,Actividad de educacion organizada por voluntarios comprometidos,Distrito Chorrillos,2025-11-25,2025-12-27,Planificada
29,1,4,Distribucion de alimentos,Actividad de alimentacion organizada por voluntarios comprometidos,Distrito Lima Centro,2025-08-17,2025-09-24,Finalizada
30,8,12,Proteccion infantil,Actividad de atencion a ninos organizada por voluntarios comprometidos,Distrito La Victoria,2025-08-22,2025-09-14,Finalizada
31,17,10,Visita a asilos,Actividad de atencion a adultos mayores organizada por voluntarios comprometidos,Distrito Lurigancho,2024-12-26,2025-01-31,Finalizada
32,20,9,Microfinanzas,Actividad de desarrollo comunitario organizada por voluntarios comprometidos,Distrito San Martin de Porres,2025-04-21,2025-05-14,Finalizada
33,3,9,Microfinanzas,Actividad de desarrollo comunitario organizada por voluntarios comprometidos,Distrito Chorrillos,2025-12-01,2025-12-04,Planificada
34,1,7,Concierto benefico,Actividad de cultura y arte organizada por voluntarios comprometidos,Distrito Lima Centro,2025-05-16,2025-05-22,Finalizada
35,17,5,Refaccion de escuelas,Actividad de construccion organizada por voluntarios comprometidos,Distrito Independencia,2025-05-28,2025-06-14,Finalizada
36,12,10,Actividades recreativas,Actividad de atencion a adultos mayores organizada por voluntarios comprometidos,Distrito San Luis,2025-12-25,2026-01-10,Planificada
37,20,7,Festival cultural,Actividad de cultura y arte organizada por voluntarios comprometidos,Distrito San Juan de Miraflores,2025-08-28,2025-08-30,En curso
38,2,3,Limpieza de rios,Actividad de medio ambiente organizada por voluntarios comprometidos,Distrito San Martin de Porres,2025-04-29,2025-06-12,Finalizada
39,12,1,Charlas educativas,Actividad de educacion organizada por voluntarios comprometidos,Distrito El Agustino,2026-01-06,2026-01-25,Planificada
40,17,1,Clases de refuerzo escolar,Actividad de educacion organizada por voluntarios comprometidos,Distrito Villa Maria del Triunfo,2025-08-21,2025-09-23,Finalizada
41,11,10,Terapia ocupacional,Actividad de atencion a adultos mayores organizada por voluntarios comprometidos,Distrito Villa El Salvador,2025-09-27,2025-10-18,En curso
42,2,1,Biblioteca movil,Actividad de educacion organizada por voluntarios comprometidos,Distrito Comas,2026-01-13,2026-02-01,Planificada
43,7,1,Campana de alfabetizacion,Actividad de educacion organizada por voluntarios comprometidos,Distrito El Agustino,2024-12-12,2024-12-20,Finalizada
44,11,4,Despensa solidaria,Actividad de alimentacion organizada por voluntarios comprometidos,Distrito Chorrillos,2024-12-23,2025-01-17,Finalizada
45,17,2,Brigada de salud,Actividad de salud organizada por voluntarios comprometidos,Distrito Comas,2025-12-28,2026-01-30,Planificada
46,5,3,Limpieza de playas,Actividad de medio ambiente organizada por voluntarios comprometidos,Distrito Carabayllo,2025-08-30,2025-09-13,En curso
47,5,5,Reparacion de viviendas,Actividad de construccion organizada por voluntarios comprometidos,Distrito El Agustino,2025-11-25,2026-01-04,Planificada
48,12,8,Maraton solidaria,Actividad de deporte y recreacion organizada por voluntarios comprometidos,Distrito Villa El Salvador,2024-12-01,2024-12-10,Finalizada
49,12,6,Centro de dia,Actividad de asistencia social organizada por voluntarios comprometidos,Distrito Callao,2025-09-12,2025-10-19,En curso
50,10,12,Refuerzo escolar,Actividad de atencion a ninos organizada por voluntarios comprometidos,Distrito Chorrillos,2025-09-09,2025-09-27,En curso
51,3,1,Charlas educativas,Actividad de educacion organizada por voluntarios comprometidos,Distrito Lurigancho,2026-01-19,2026-01-23,Planificada
52,13,4,Despensa solidaria,Actividad de alimentacion organizada por voluntarios comprometidos,Distrito Villa Maria del Triunfo,2025-04-19,2025-05-29,Finalizada
53,14,7,Festival cultural,Actividad de cultura y arte organizada por voluntarios comprometidos,Distrito Puente Piedra,2025-09-26,2025-11-03,En curso
54,8,4,Despensa solidaria,Actividad de alimentacion organizada por voluntarios comprometidos,Distrito Santa Anita,2024-11-20,2024-12-21,Finalizada
55,4,5,Construccion de parques,Actividad de construccion organizada por voluntarios comprometidos,Distrito San Juan de Miraflores,2025-11-07,2025-12-17,Planificada
56,12,10,Actividades recreativas,Actividad de atencion a adultos mayores organizada por voluntarios comprometidos,Distrito San Juan de Miraflores,2025-03-17,2025-05-01,Finalizada
57,6,1,Taller de computacion,Actividad de educacion organizada por voluntarios comprometidos,Distrito El Agustino,2024-10-30,2024-11-30,Finalizada
58,14,9,Microfinanzas,Actividad de desarrollo comunitario organizada por voluntarios comprometidos,Distrito San Martin de Porres,2025-02-24,2025-03-02,Finalizada
59,6,9,Emprendimiento comunitario,Actividad de desarrollo comunitario organizada por voluntarios comprometidos,Distrito Lima Centro,2024-11-24,2025-01-04,Finalizada
60,10,9,Capacitacion laboral,Actividad de desarrollo comunitario organizada por voluntarios comprometidos,Distrito El Agustino,2025-11-18,2025-11-21,Planificada
61,17,6,Apoyo a adultos mayores 61,Actividad de asistencia social organizada por voluntarios comprometidos,Distrito Independencia,2025-04-20,2025-06-03,Finalizada
62,12,8,Caminata benefica 62,Actividad de deporte y recreacion organizada por voluntarios comprometidos,Distrito San Luis,2025-01-26,2025-02-14,Finalizada
63,18,9,Microfinanzas 63,Actividad de desarrollo comunitario organizada por voluntarios comprometidos,Distrito Lima Centro,2025-12-23,2025-12-24,Planificada
64,10,9,Emprendimiento comunitario 64,Actividad de desarrollo comunitario organizada por voluntarios comprometidos,Distrito Comas,2025-01-08,2025-01-13,Finalizada
65,19,8,Maraton solidaria 65,Actividad de deporte y recreacion organizada por voluntarios comprometidos,Distrito San Juan de Miraflores,2025-07-21,2025-08-02,Finalizada
66,19,2,Jornada medica gratuita 66,Actividad de salud organizada por voluntarios comprometidos,Distrito Puente Piedra,2025-06-23,2025-07-24,Finalizada
67,17,1,Campana de alfabetizacion 67,Actividad de educacion organizada por voluntarios comprometidos,Distrito San Luis,2025-08-11,2025-08-21,Finalizada
68,14,7,Exposicion artistica 68,Actividad de cultura y arte organizada por voluntarios comprometidos,Distrito Villa El Salvador,2024-11-30,2024-12-04,Finalizada
69,1,5,Refaccion de escuelas 69,Actividad de construccion organizada por voluntarios comprometidos,Distrito Carabayllo,2025-09-13,2025-10-14,En curso
70,12,12,Vacaciones utiles 70,Actividad de atencion a ninos organizada por voluntarios comprometidos,Distrito Callao,2024-12-01,2024-12-06,Finalizada
71,4,1,Taller de computacion 71,Actividad de educacion organizada por voluntarios comprometidos,Distrito San Luis,2025-09-05,2025-09-11,Finalizada
72,11,5,Mejora de infraestructura 72,Actividad de construccion organizada por voluntarios comprometidos,Distrito Los Olivos,2025-07-24,2025-08-17,Finalizada
73,17,11,Atencion veterinaria 73,Actividad de proteccion animal organizada por voluntarios comprometidos,Distrito Villa El Salvador,2025-05-16,2025-06-22,Finalizada
74,19,9,Taller de oficios 74,Actividad de desarrollo comunitario organizada por voluntarios comprometidos,Distrito San Juan de Miraflores,2025-01-08,2025-01-12,Finalizada
75,2,7,Taller de arte infantil 75,Actividad de cultura y arte organizada por voluntarios comprometidos,Distrito Puente Piedra,2025-11-06,2025-11-16,Planificada
76,4,3,Reciclaje comunitario 76,Actividad de medio ambiente organizada por voluntarios comprometidos,Distrito San Martin de Porres,2025-12-30,2025-12-31,Planificada
77,8,10,Terapia ocupacional 77,Actividad de atencion a adultos mayores organizada por voluntarios comprometidos,Distrito Comas,2025-12-05,2025-12-13,Planificada
78,5,7,Taller de arte infantil 78,Actividad de cultura y arte organizada por voluntarios comprometidos,Distrito Villa Maria del Triunfo,2025-06-07,2025-06-20,Finalizada
79,13,6,Centro de dia 79,Actividad de asistencia social organizada por voluntarios comprometidos,Distrito Callao,2025-04-08,2025-05-07,Finalizada
80,16,11,Refugio temporal 80,Actividad de proteccion animal organizada por voluntarios comprometidos,Distrito Los Olivos,2025-04-12,2025-04-18,Finalizada
81,7,9,Capacitacion laboral 81,Actividad de desarrollo comunitario organizada por voluntarios comprometidos,Distrito San Martin de Porres,2025-10-02,2025-11-01,Finalizada
82,17,12,Nutricion infantil 82,Actividad de atencion a ninos organizada por voluntarios comprometidos,Distrito Santa Anita,2025-09-01,2025-09-12,Finalizada
83,7,2,Taller de primeros auxilios 83,Actividad de salud organizada por voluntarios comprometidos,Distrito El Agustino,2025-06-01,2025-06-14,Finalizada
84,2,10,Visita a asilos 84,Actividad de atencion a adultos mayores organizada por voluntarios comprometidos,Distrito Callao,2025-06-16,2025-06-22,Finalizada
85,7,5,Reparacion de viviendas 85,Actividad de construccion organizada por voluntarios comprometidos,Distrito San Luis,2026-01-17,2026-01-23,Planificada
86,11,2,Visita a hospitales 86,Actividad de salud organizada por voluntarios comprometidos,Distrito Rimac,2025-04-08,2025-05-16,Finalizada
87,14,11,Refugio temporal 87,Actividad de proteccion animal organizada por voluntarios comprometidos,Distrito Callao,2025-11-06,2025-12-02,Planificada
88,20,11,Atencion veterinaria 88,Actividad de proteccion animal organizada por voluntarios comprometidos,Distrito Comas,2025-05-02,2025-05-03,Finalizada
89,3,11,Atencion veterinaria 89,Actividad de proteccion animal organizada por voluntarios comprometidos,Distrito San Martin de Porres,2024-11-16,2024-12-22,Finalizada
90,7,1,Campana de alfabetizacion 90,Actividad de educacion organizada por voluntarios comprometidos,Distrito San Juan de Lurigancho,2025-11-04,2025-12-05,Planificada
91,16,11,Rescate de animales 91,Actividad de proteccion animal organizada por voluntarios comprometidos,Distrito San Juan de Miraflores,2025-06-10,2025-06-26,Finalizada
92,14,2,Taller de primeros auxilios 92,Actividad de salud organizada por voluntarios comprometidos,Distrito Lima Centro,2025-01-02,2025-01-24,Finalizada
93,18,9,Emprendimiento comunitario 93,Actividad de desarrollo comunitario organizada por voluntarios comprometidos,Distrito La Victoria,2025-01-31,2025-02-14,Finalizada
94,14,1,Taller de computacion 94,Actividad de educacion organizada por voluntarios comprometidos,Distrito Chorrillos,2025-07-16,2025-08-14,Finalizada
95,6,7,Taller de musica 95,Actividad de cultura y arte organizada por voluntarios comprometidos,Distrito San Luis,2025-01-05,2025-01-11,Finalizada
96,9,5,Mejora de infraestructura 96,Actividad de construccion organizada por voluntarios comprometidos,Distrito Ate,2025-08-08,2025-09-06,Finalizada
97,2,12,Nutricion infantil 97,Actividad de atencion a ninos organizada por voluntarios comprometidos,Distrito San Martin de Porres,2025-03-20,2025-04-07,Finalizada
98,7,1,Biblioteca movil 98,Actividad de educacion organizada por voluntarios comprometidos,Distrito San Martin de Porres,2025-02-17,2025-03-26,Finalizada
99,11,8,Caminata benefica 99,Actividad de deporte y recreacion organizada por voluntarios comprometidos,Distrito Santa Anita,2025-03-20,2025-04-17,Finalizada
100,1,9,Emprendimiento comunitario 100,Actividad de desarrollo comunitario organizada por voluntarios comprometidos,Distrito La Victoria,2025-06-02,2025-07-07,Finalizada
101,1,9,Microfinanzas 101,Actividad de desarrollo comunitario organizada por voluntarios comprometidos,Distrito San Luis,2025-04-24,2025-05-08,Finalizada
102,13,9,Capacitacion laboral 102,Actividad de desarrollo comunitario organizada por voluntarios comprometidos,Distrito La Victoria,2025-02-16,2025-03-03,Finalizada
103,8,7,Exposicion artistica 103,Actividad de cultura y arte organizada por voluntarios comprometidos,Distrito El Agustino,2025-10-29,2025-11-20,Planificada
104,17,1,Campana de alfabetizacion 104,Actividad de educacion organizada por voluntarios comprometidos,Distrito Villa Maria del Triunfo,2025-07-28,2025-09-09,Finalizada
105,3,10,Companamiento diario 105,Actividad de atencion a adultos mayores organizada por voluntarios comprometidos,Distrito Villa Maria del Triunfo,2025-12-24,2026-01-07,Planificada
106,11,6,Acompanamiento a ninos 106,Actividad de asistencia social organizada por voluntarios comprometidos,Distrito Lima Centro,2025-11-07,2025-12-03,Planificada
107,20,2,Visita a hospitales 107,Actividad de salud organizada por voluntarios comprometidos,Distrito Callao,2025-01-24,2025-01-28,Finalizada
108,9,5,Reparacion de viviendas 108,Actividad de construccion organizada por voluntarios comprometidos,Distrito Villa Maria del Triunfo,2025-07-15,2025-07-26,Finalizada
109,19,5,Construccion de casas 109,Actividad de construccion organizada por voluntarios comprometidos,Distrito Independencia,2025-12-07,2025-12-10,Planificada
110,17,7,Exposicion artistica 110,Actividad de cultura y arte organizada por voluntarios comprometidos,Distrito San Juan de Miraflores,2025-03-30,2025-04-17,Finalizada
111,20,1,Taller de computacion 111,Actividad de educacion organizada por voluntarios comprometidos,Distrito La Victoria,2025-02-01,2025-02-15,Finalizada
112,19,5,Reparacion de viviendas 112,Actividad de construccion organizada por voluntarios comprometidos,Distrito Villa Maria del Triunfo,2025-08-15,2025-09-03,Finalizada
113,1,6,Apoyo a adultos mayores 113,Actividad de asistencia social organizada por voluntarios comprometidos,Distrito Lima Centro,2024-11-19,2024-12-11,Finalizada
114,12,3,Reforestacion urbana 114,Actividad de medio ambiente organizada por voluntarios comprometidos,Distrito Comas,2025-12-30,2026-01-07,Planificada
115,5,7,Concierto benefico 115,Actividad de cultura y arte organizada por voluntarios comprometidos,Distrito Carabayllo,2025-01-03,2025-01-07,Finalizada
116,9,11,Rescate de animales 116,Actividad de proteccion animal organizada por voluntarios comprometidos,Distrito Villa Maria del Triunfo,2025-07-13,2025-08-09,Finalizada
117,12,1,Charlas educativas 117,Actividad de educacion organizada por voluntarios comprometidos,Distrito Callao,2025-09-26,2025-10-12,Finalizada
118,5,3,Reforestacion urbana 118,Actividad de medio ambiente organizada por voluntarios comprometidos,Distrito Lurigancho,2024-10-31,2024-12-06,Finalizada
119,10,11,Refugio temporal 119,Actividad de proteccion animal organizada por voluntarios comprometidos,Distrito Santa Anita,2026-01-25,2026-02-04,Planificada
120,13,12,Proteccion infantil 120,Actividad de atencion a ninos organizada por voluntarios comprometidos,Distrito Carabayllo,2025-10-06,2025-10-21,Finalizada
121,14,1,Taller de computacion 121,Actividad de educacion organizada por voluntarios comprometidos,Distrito Villa El Salvador,2025-09-18,2025-09-30,Finalizada
122,11,2,Taller de primeros auxilios 122,Actividad de salud organizada por voluntarios comprometidos,Distrito San Juan de Miraflores,2025-04-15,2025-04-18,Finalizada
123,9,8,Liga deportiva 123,Actividad de deporte y recreacion organizada por voluntarios comprometidos,Distrito San Martin de Porres,2025-10-05,2025-10-07,Finalizada
124,7,5,Construccion de parques 124,Actividad de construccion organizada por voluntarios comprometidos,Distrito San Juan de Miraflores,2025-09-16,2025-09-29,Finalizada
125,2,12,Refuerzo escolar 125,Actividad de atencion a ninos organizada por voluntarios comprometidos,Distrito El Agustino,2025-07-23,2025-08-10,Finalizada
126,4,2,Brigada de salud 126,Actividad de salud organizada por voluntarios comprometidos,Distrito Independencia,2025-08-09,2025-09-14,Finalizada
127,5,9,Emprendimiento comunitario 127,Actividad de desarrollo comunitario organizada por voluntarios comprometidos,Distrito La Victoria,2025-07-16,2025-08-20,Finalizada
128,20,11,Atencion veterinaria 128,Actividad de proteccion animal organizada por voluntarios comprometidos,Distrito Villa El Salvador,2025-09-28,2025-10-21,En curso
129,2,3,Limpieza de playas 129,Actividad de medio ambiente organizada por voluntarios comprometidos,Distrito Carabayllo,2025-07-18,2025-08-03,Finalizada
130,6,11,Esterilizacion gratuita 130,Actividad de proteccion animal organizada por voluntarios comprometidos,Distrito Villa El Salvador,2025-08-30,2025-09-03,En curso
131,2,10,Actividades recreativas 131,Actividad de atencion a adultos mayores organizada por voluntarios comprometidos,Distrito Chorrillos,2025-06-22,2025-06-30,Finalizada
132,3,7,Festival cultural 132,Actividad de cultura y arte organizada por voluntarios comprometidos,Distrito San Juan de Lurigancho,2025-03-25,2025-04-10,Finalizada
133,10,12,Vacaciones utiles 133,Actividad de atencion a ninos organizada por voluntarios comprometidos,Distrito Puente Piedra,2025-08-29,2025-08-30,Finalizada
134,17,1,Campana de alfabetizacion 134,Actividad de educacion organizada por voluntarios comprometidos,Distrito San Juan de Miraflores,2025-03-10,2025-04-08,Finalizada
135,18,9,Taller de oficios 135,Actividad de desarrollo comunitario organizada por voluntarios comprometidos,Distrito Chorrillos,2025-12-10,2026-01-03,Planificada
136,15,4,Cocina social 136,Actividad de alimentacion organizada por voluntarios comprometidos,Distrito Villa Maria del Triunfo,2025-01-06,2025-01-26,Finalizada
137,9,8,Maraton solidaria 137,Actividad de deporte y recreacion organizada por voluntarios comprometidos,Distrito San Luis,2024-12-29,2025-01-06,Finalizada
138,2,11,Refugio temporal 138,Actividad de proteccion animal organizada por voluntarios comprometidos,Distrito Rimac,2025-02-20,2025-03-19,Finalizada
139,2,4,Distribucion de alimentos 139,Actividad de alimentacion organizada por voluntarios comprometidos,Distrito San Martin de Porres,2025-02-24,2025-03-24,Finalizada
140,10,4,Cocina social 140,Actividad de alimentacion organizada por voluntarios comprometidos,Distrito Villa Maria del Triunfo,2025-11-27,2025-12-04,Planificada
141,7,10,Actividades recreativas 141,Actividad de atencion a adultos mayores organizada por voluntarios comprometidos,Distrito Lurigancho,2025-02-17,2025-03-02,Finalizada
142,10,9,Taller de oficios 142,Actividad de desarrollo comunitario organizada por voluntarios comprometidos,Distrito San Juan de Lurigancho,2025-11-30,2026-01-13,Planificada
143,20,8,Escuela deportiva 143,Actividad de deporte y recreacion organizada por voluntarios comprometidos,Distrito Lima Centro,2025-06-05,2025-06-30,Finalizada
144,5,9,Desarrollo local 144,Actividad de desarrollo comunitario organizada por voluntarios comprometidos,Distrito Chorrillos,2025-03-30,2025-04-25,Finalizada
145,15,11,Esterilizacion gratuita 145,Actividad de proteccion animal organizada por voluntarios comprometidos,Distrito Independencia,2024-12-23,2025-02-05,Finalizada
146,14,11,Rescate de animales 146,Actividad de proteccion animal organizada por voluntarios comprometidos,Distrito Santa Anita,2026-01-14,2026-02-25,Planificada
147,4,4,Distribucion de alimentos 147,Actividad de alimentacion organizada por voluntarios comprometidos,Distrito La Victoria,2026-01-19,2026-02-08,Planificada
148,8,8,Torneo deportivo 148,Actividad de deporte y recreacion organizada por voluntarios comprometidos,Distrito Villa Maria del Triunfo,2024-11-21,2024-11-27,Finalizada
149,5,6,Apoyo psicologico 149,Actividad de asistencia social organizada por voluntarios comprometidos,Distrito Lima Centro,2024-11-02,2024-11-11,Finalizada
150,1,3,Reforestacion urbana 150,Actividad de medio ambiente organizada por voluntarios comprometidos,Distrito San Martin de Porres,2025-11-21,2025-12-24,Planificada
151,4,6,Talleres educativos 151,Actividad de asistencia social organizada por voluntarios comprometidos,Distrito Puente Piedra,2026-01-12,2026-02-12,Planificada
152,7,11,Refugio temporal 152,Actividad de proteccion animal organizada por voluntarios comprometidos,Distrito Puente Piedra,2026-01-11,2026-02-22,Planificada
153,7,12,Ludoteca infantil 153,Actividad de atencion a ninos organizada por voluntarios comprometidos,Distrito Lima Centro,2025-03-14,2025-04-22,Finalizada
154,4,11,Campana de adopcion 154,Actividad de proteccion animal organizada por voluntarios comprometidos,Distrito Carabayllo,2025-01-08,2025-02-02,Finalizada
155,17,9,Desarrollo local 155,Actividad de desarrollo comunitario organizada por voluntarios comprometidos,Distrito Lurigancho,2025-03-03,2025-04-13,Finalizada
156,8,11,Rescate de animales 156,Actividad de proteccion animal organizada por voluntarios comprometidos,Distrito Santa Anita,2024-11-29,2024-12-30,Finalizada
157,12,1,Biblioteca movil 157,Actividad de educacion organizada por voluntarios comprometidos,Distrito Villa El Salvador,2024-11-19,2024-12-23,Finalizada
158,6,10,Terapia ocupacional 158,Actividad de atencion a adultos mayores organizada por voluntarios comprometidos,Distrito Ate,2025-11-04,2025-11-07,Planificada
159,10,12,Ludoteca infantil 159,Actividad de atencion a ninos organizada por voluntarios comprometidos,Distrito Santa Anita,2025-09-20,2025-09-30,En curso
160,8,4,Distribucion de alimentos 160,Actividad de alimentacion organizada por voluntarios comprometidos,Distrito Ate,2025-04-28,2025-06-07,Finalizada
161,18,10,Terapia ocupacional 161,Actividad de atencion a adultos mayores organizada por voluntarios comprometidos,Distrito Chorrillos,2025-04-24,2025-05-21,Finalizada
162,18,10,Companamiento diario 162,Actividad de atencion a adultos mayores organizada por voluntarios comprometidos,Distrito Rimac,2025-04-15,2025-04-25,Finalizada
163,15,7,Exposicion artistica 163,Actividad de cultura y arte organizada por voluntarios comprometidos,Distrito El Agustino,2024-11-09,2024-11-27,Finalizada
164,18,3,Reciclaje comunitario 164,Actividad de medio ambiente organizada por voluntarios comprometidos,Distrito Chorrillos,2024-12-07,2024-12-22,Finalizada
165,7,11,Campana de adopcion 165,Actividad de proteccion animal organizada por voluntarios comprometidos,Distrito Lima Centro,2025-02-21,2025-03-26,Finalizada
166,6,4,Ollas comunes 166,Actividad de alimentacion organizada por voluntarios comprometidos,Distrito Villa Maria del Triunfo,2024-11-03,2024-11-13,Finalizada
167,2,12,Vacaciones utiles 167,Actividad de atencion a ninos organizada por voluntarios comprometidos,Distrito Villa Maria del Triunfo,2025-09-02,2025-10-11,Finalizada
168,13,3,Jardines comunitarios 168,Actividad de medio ambiente organizada por voluntarios comprometidos,Distrito La Victoria,2025-11-05,2025-11-15,Planificada
169,15,4,Cocina social 169,Actividad de alimentacion organizada por voluntarios comprometidos,Distrito San Juan de Miraflores,2025-08-20,2025-09-15,Finalizada
170,3,6,Acompanamiento a ninos 170,Actividad de asistencia social organizada por voluntarios comprometidos,Distrito Puente Piedra,2025-01-13,2025-02-21,Finalizada
171,18,12,Vacaciones utiles 171,Actividad de atencion a ninos organizada por voluntarios comprometidos,Distrito El Agustino,2025-02-05,2025-02-07,Finalizada
172,18,12,Refuerzo escolar 172,Actividad de atencion a ninos organizada por voluntarios comprometidos,Distrito El Agustino,2025-09-01,2025-09-15,Finalizada
173,16,11,Atencion veterinaria 173,Actividad de proteccion animal organizada por voluntarios comprometidos,Distrito San Juan de Miraflores,2025-03-29,2025-05-05,Finalizada
174,9,11,Rescate de animales 174,Actividad de proteccion animal organizada por voluntarios comprometidos,Distrito Rimac,2025-04-02,2025-04-27,Finalizada
175,16,8,Escuela deportiva 175,Actividad de deporte y recreacion organizada por voluntarios comprometidos,Distrito El Agustino,2025-01-01,2025-01-05,Finalizada
176,15,8,Escuela deportiva 176,Actividad de deporte y recreacion organizada por voluntarios comprometidos,Distrito Santa Anita,2026-01-04,2026-01-10,Planificada
177,19,2,Jornada medica gratuita 177,Actividad de salud organizada por voluntarios comprometidos,Distrito Carabayllo,2024-11-02,2024-12-14,Finalizada
178,5,1,Campana de alfabetizacion 178,Actividad de educacion organizada por voluntarios comprometidos,Distrito Lurigancho,2025-11-17,2025-12-02,Planificada
179,2,5,Mejora de infraestructura 179,Actividad de construccion organizada por voluntarios comprometidos,Distrito Callao,2025-08-12,2025-08-21,Finalizada
180,7,2,Visita a hospitales 180,Actividad de salud organizada por voluntarios comprometidos,Distrito Callao,2025-02-15,2025-03-19,Finalizada
181,6,10,Actividades recreativas 181,Actividad de atencion a adultos mayores organizada por voluntarios comprometidos,Distrito Puente Piedra,2025-01-23,2025-02-21,Finalizada
182,7,2,Visita a hospitales 182,Actividad de salud organizada por voluntarios comprometidos,Distrito Carabayllo,2025-02-10,2025-02-17,Finalizada
183,14,2,Taller de primeros auxilios 183,Actividad de salud organizada por voluntarios comprometidos,Distrito San Juan de Miraflores,2025-12-31,2026-01-24,Planificada
184,14,3,Reforestacion urbana 184,Actividad de medio ambiente organizada por voluntarios comprometidos,Distrito Comas,2025-06-01,2025-06-08,Finalizada
185,8,1,Campana de alfabetizacion 185,Actividad de educacion organizada por voluntarios comprometidos,Distrito Rimac,2025-12-26,2025-12-27,Planificada
186,3,1,Charlas educativas 186,Actividad de educacion organizada por voluntarios comprometidos,Distrito San Martin de Porres,2025-09-13,2025-09-20,En curso
187,20,2,Taller de primeros auxilios 187,Actividad de salud organizada por voluntarios comprometidos,Distrito La Victoria,2025-01-08,2025-02-20,Finalizada
188,2,1,Campana de alfabetizacion 188,Actividad de educacion organizada por voluntarios comprometidos,Distrito San Luis,2025-09-13,2025-10-04,En curso
189,4,9,Desarrollo local 189,Actividad de desarrollo comunitario organizada por voluntarios comprometidos,Distrito Callao,2025-04-12,2025-05-19,Finalizada
190,7,6,Apoyo psicologico 190,Actividad de asistencia social organizada por voluntarios comprometidos,Distrito Los Olivos,2025-07-21,2025-08-29,Finalizada
191,3,7,Exposicion artistica 191,Actividad de cultura y arte organizada por voluntarios comprometidos,Distrito Carabayllo,2025-01-10,2025-02-24,Finalizada
192,4,10,Visita a asilos 192,Actividad de atencion a adultos mayores organizada por voluntarios comprometidos,Distrito Rimac,2025-12-31,2026-01-24,Planificada
193,4,3,Limpieza de rios 193,Actividad de medio ambiente organizada por voluntarios comprometidos,Distrito Lima Centro,2025-08-26,2025-09-14,Finalizada
194,15,6,Talleres educativos 194,Actividad de asistencia social organizada por voluntarios comprometidos,Distrito Rimac,2024-11-13,2024-12-10,Finalizada
195,9,9,Capacitacion laboral 195,Actividad de desarrollo comunitario organizada por voluntarios comprometidos,Distrito Chorrillos,2025-01-30,2025-03-08,Finalizada
196,3,2,Brigada de salud 196,Actividad de salud organizada por voluntarios comprometidos,Distrito Santa Anita,2026-01-10,2026-01-23,Planificada
197,13,7,Exposicion artistica 197,Actividad de cultura y arte organizada por voluntarios comprometidos,Distrito Callao,2024-12-22,2024-12-26,Finalizada
198,17,12,Ludoteca infantil 198,Actividad de atencion a ninos organizada por voluntarios comprometidos,Distrito San Martin de Porres,2025-05-17,2025-06-26,Finalizada
199,18,7,Exposicion artistica 199,Actividad de cultura y arte organizada por voluntarios comprometidos,Distrito Carabayllo,2025-05-10,2025-05-31,Finalizada
200,10,3,Reciclaje comunitario 200,Actividad de medio ambiente organizada por voluntarios comprometidos,Distrito Santa Anita,2024-12-11,2024-12-17,Finalizada
