categoria_id,nombre,descripcion,calificacion_max
1,Educacion,Actividades relacionadas con ensenanza y capacitacion,100
2,Salud,Actividades de atencion medica y bienestar,100
3,Medio Ambiente,Conservacion y proteccion ambiental,95
4,Alimentacion,Distribucion de alimentos y lucha contra el hambre,100
5,Construccion,Proyectos de vivienda e infraestructura,90
6,Asistencia Social,Apoyo a comunidades vulnerables,95
7,Cultura y Arte,Promocion cultural y artistica,85
8,Deporte y Recreacion,Actividades deportivas y recreativas,80
9,Desarrollo Comunitario,Fortalecimiento de capacidades locales,90
10,Atencion a Adultos Mayores,Cuidado y acompanamiento de personas mayores,95
11,Proteccion Animal,Rescate y cuidado de animales,85
12,Atencion a Ninos,Programas de apoyo infantil,100
