organizacion_id,nombre,direccion,telefono,email,estado,fecha_registro
1,Caritas del Peru,"Av. Salaverry 1945, Jesus Maria, Lima",014336767,contacto@caritas.org.pe,Activa,2020-01-15
2,Cruz Roja Peruana,"Av. Camino Real 1035, San Isidro, Lima",014213070,info@cruzroja.org.pe,Activa,2019-03-20
3,Techo Peru,"Calle Los Negocios 151, Surquillo, Lima",012719788,voluntarios@techo.org,Activa,2021-05-10
4,Aldeas Infantiles SOS,"Av. Angamos Oeste 380, Miraflores, Lima",014476814,contacto@aldeasinfantiles.org.pe,Activa,2018-07-25
5,Banco de Alimentos Peru,"Av. Argentina 2570, Callao",014209999,info@bancodealimentos.pe,Activa,2020-11-05
6,Asociacion Paz y Esperanza,"Jr. Pachacutec 1302, Jesus Maria, Lima",014233660,administracion@pazyesperanza.org,Activa,2019-09-18
7,Fundacion Telefonica,"Av. Arequipa 1155, Lima",012116000,fundacion@telefonica.com.pe,Activa,2017-02-12
8,UNICEF Peru,"Parque Meliton Porras 350, Miraflores, Lima",016130707,lima@unicef.org,Activa,2016-06-30
9,Puericultorio Perez Aranibar,"Av. Universitaria 1801, San Miguel, Lima",015626060,contacto@puericultorio.org.pe,Activa,2015-08-14
10,Asociacion Benefica PRISMA,"Av. Armendariz 345, Miraflores, Lima",016259090,info@prisma.org.pe,Activa,2019-04-22
11,Vida Peru,"Calle Los Pinos 156, Santiago de Surco, Lima",014369898,contacto@vidaperu.org,Activa,2020-07-30
12,Fundacion Peruana de Cancer,"Av. Nicolas de Pierola 727, Lima",014267374,informes@fpc.org.pe,Activa,2017-11-18
13,Hogar Clinica San Juan de Dios,"Av. Prolongacion Iquitos 1509, Lince, Lima",014719191,hogar@sanjuandedios.pe,Activa,2016-03-25
14,Asociacion Sembrando,"Jr. Los Naranjos 234, La Molina, Lima",013495656,voluntarios@sembrando.org,Activa,2021-01-09
15,Sonrisas de Colores,"Calle Las Camelias 567, San Isidro, Lima",012227878,info@sonrisasdecolores.pe,Activa,2020-10-15
16,Fundacion Por Los Ninos del Peru,"Av. Javier Prado Este 5458, La Molina, Lima",013487272,contacto@porloninos.org,Activa,2018-05-20
17,Asociacion Generacion de Cambio,"Jr. Francisco del Castillo 245, San Borja, Lima",014758989,info@generacioncambio.pe,Activa,2019-12-11
18,Manos Unidas Peru,"Av. Saenz Pena 123, Callao",014567890,manosunidas@peru.org,Activa,2020-02-28
19,Fundacion Forge Peru,"Calle Los Eucaliptos 590, San Isidro, Lima",016428888,forge@peru.org,Activa,2021-06-17
20,Asociacion Ayuda en Accion,"Av. Petit Thouars 4799, Miraflores, Lima",012138787,ayudaenaccion@peru.org,Activa,2017-09-05
