tipo_donacion_id,nombre,descripcion,calificacion_max
1,Donacion Monetaria,Aporte en efectivo o transferencia bancaria,100
2,Donacion de Alimentos,Productos alimenticios no perecederos,90
3,Donacion de Ropa,Prendas de vestir en buen estado,85
4,Donacion de Medicamentos,Medicamentos y productos de salud,95
5,Donacion de Libros,Material educativo y de lectura,80
6,Donacion de Juguetes,Juguetes para ninos en buen estado,85
7,Donacion de Tecnologia,Equipos electronicos y computadoras,90
8,Donacion de Mobiliario,Muebles y equipamiento,75
9,Donacion de Utiles Escolares,Material escolar y educativo,80
10,Donacion de Productos de Higiene,Articulos de aseo personal,85
11,Donacion de Equipos Medicos,Instrumental y equipos de salud,95
12,Donacion de Herramientas,Herramientas de trabajo y construccion,80
13,Donacion de Electrodomesticos,Aparatos electronicos para el hogar,85
14,Donacion de Materiales de Construccion,"Cemento, ladrillos y materiales",75
15,Donacion de Vehiculos,Vehiculos y medios de transporte,90
