voluntario_id,dni,nombres,apellidos,fecha_nacimiento,email,telefono,direccion,estado_civil,fecha_registro
1,74132809,Luis,Gutierrez Huaman,1974-12-26,luis.gutierrez1@email.com,911367621,"Av. Los Voluntarios 427, Surco",Divorciado/a,2023-03-17
2,73876395,Veronica,Medina Ruiz,1991-09-06,veronica.medina2@email.com,917009106,"Av. Los Voluntarios 430, San Miguel",Soltero/a,2022-09-24
3,72547602,Rafael,Martinez Mendoza,1961-06-08,rafael.martinez3@email.com,935357889,"Av. Los Voluntarios 378, Pueblo Libre",Divorciado/a,2021-12-06
4,72157458,Teresa,Torres Jimenez,1967-06-26,teresa.torres4@email.com,963095455,"Av. Los Voluntarios 194, Breña",Casado/a,2022-08-12
5,72940331,Juan,Reyes Sanchez,1991-08-18,juan.reyes5@email.com,952939556,"Av. Los Voluntarios 403, San Martin de Porres",Soltero/a,2025-07-02
6,73869380,Isabel,Chavez Gutierrez,1971-01-16,isabel.chavez6@email.com,923263966,"Av. Los Voluntarios 371, Villa Maria del Triunfo",Soltero/a,2024-06-17
7,78500690,Eduardo,Mamani Lopez,1977-12-09,eduardo.mamani7@email.com,978213845,"Av. Los Voluntarios 327, Lima",Divorciado/a,2022-09-02
8,71890394,Veronica,Fernandez Ramos,1976-05-01,veronica.fernandez8@email.com,988665927,"Av. Los Voluntarios 152, Magdalena",Divorciado/a,2021-12-08
9,71907534,Enrique,Romero Rivera,1989-04-30,enrique.romero9@email.com,925304006,"Av. Los Voluntarios 956, Breña",Soltero/a,2025-07-19
10,77344859,Elena,Reyes Alvarez,2007-06-30,elena.reyes10@email.com,996516257,"Av. Los Voluntarios 616, San Juan de Lurigancho",Viudo/a,2023-12-15
11,76143022,Arturo,Campos Chavez,1995-04-17,arturo.campos11@email.com,934989627,"Av. Los Voluntarios 563, Breña",Viudo/a,2023-11-07
12,72418334,Julia,Reyes Gutierrez,1979-02-27,julia.reyes12@email.com,910228470,"Av. Los Voluntarios 112, San Isidro",Divorciado/a,2023-08-01
13,72167102,Fernando,Ortiz Chavez,1986-04-06,fernando.ortiz13@email.com,940066265,"Av. Los Voluntarios 602, San Miguel",Casado/a,2024-06-03
14,74108835,Paola,Castillo Rojas,2001-06-07,paola.castillo14@email.com,919899117,"Av. Los Voluntarios 851, Comas",Divorciado/a,2023-10-31
15,72944480,Jorge,Ruiz Silva,1963-07-24,jorge.ruiz15@email.com,964487945,"Av. Los Voluntarios 196, San Miguel",Soltero/a,2022-10-16
16,72449246,Valeria,Sanchez Torres,2001-08-23,valeria.sanchez16@email.com,965577484,"Av. Los Voluntarios 550, Villa El Salvador",Casado/a,2024-05-22
17,76416206,Gustavo,Gonzalez Gutierrez,1985-10-17,gustavo.gonzalez17@email.com,917241574,"Av. Los Voluntarios 666, Breña",Divorciado/a,2023-07-17
18,79450882,Martha,Vasquez Flores,1985-08-27,martha.vasquez18@email.com,990728868,"Av. Los Voluntarios 644, Lince",Casado/a,2024-07-30
19,74179498,Roberto,Alvarez Campos,1974-09-19,roberto.alvarez19@email.com,961740974,"Av. Los Voluntarios 792, Comas",Divorciado/a,2024-11-15
20,75658726,Silvia,Garcia Romero,1992-10-25,silvia.garcia20@email.com,930986812,"Av. Los Voluntarios 405, San Miguel",Soltero/a,2022-11-13
21,72839615,Alberto,Vargas Ramos,1966-06-12,alberto.vargas21@email.com,925384999,"Av. Los Voluntarios 964, Breña",Casado/a,2022-09-02
22,71156280,Veronica,Ruiz Reyes,1977-10-11,veronica.ruiz22@email.com,987320679,"Av. Los Voluntarios 972, Jesus Maria",Divorciado/a,2022-05-10
23,73791597,Miguel,Morales Alvarez,2000-11-12,miguel.morales23@email.com,936133094,"Av. Los Voluntarios 192, Lince",Divorciado/a,2022-09-05
24,76554697,Gabriela,Mamani Nunez,1973-09-17,gabriela.mamani24@email.com,970912181,"Av. Los Voluntarios 196, Los Olivos",Soltero/a,2022-02-01
25,71949883,Luis,Gutierrez Mendoza,1974-07-20,luis.gutierrez25@email.com,968367711,"Av. Los Voluntarios 667, Ate",Soltero/a,2025-05-12
26,78149267,Veronica,Rivera Mamani,1982-02-14,veronica.rivera26@email.com,927685553,"Av. Los Voluntarios 187, San Juan de Lurigancho",Divorciado/a,2024-12-30
27,78756505,Enrique,Ruiz Gomez,2000-10-09,enrique.ruiz27@email.com,920434154,"Av. Los Voluntarios 784, Los Olivos",Divorciado/a,2024-02-10
28,74119513,Carmen,Ruiz Huaman,1962-01-17,carmen.ruiz28@email.com,956163045,"Av. Los Voluntarios 469, Ate",Casado/a,2024-08-01
29,78268362,Javier,Ramos Medina,1980-11-07,javier.ramos29@email.com,942488981,"Av. Los Voluntarios 404, Callao",Viudo/a,2025-09-14
30,72183518,Cecilia,Rodriguez Ruiz,2006-09-23,cecilia.rodriguez30@email.com,912091854,"Av. Los Voluntarios 983, Lince",Casado/a,2023-03-04
31,70320896,Javier,Alvarez Ruiz,1975-08-26,javier.alvarez31@email.com,910541896,"Av. Los Voluntarios 602, Breña",Divorciado/a,2022-01-15
32,76595551,Rosa,Mamani Diaz,1971-03-24,rosa.mamani32@email.com,946076399,"Av. Los Voluntarios 173, Callao",Divorciado/a,2024-04-16
33,75570312,Manuel,Vasquez Cruz,1986-09-19,manuel.vasquez33@email.com,953116625,"Av. Los Voluntarios 806, Magdalena",Casado/a,2025-07-02
34,79619571,Laura,Lopez Herrera,1989-10-30,laura.lopez34@email.com,943635653,"Av. Los Voluntarios 420, San Borja",Divorciado/a,2022-09-05
35,70776788,Roberto,Romero Rojas,1985-03-18,roberto.romero35@email.com,926031427,"Av. Los Voluntarios 667, Villa Maria del Triunfo",Casado/a,2022-12-09
36,75606879,Rosa,Ruiz Torres,1968-03-17,rosa.ruiz36@email.com,924967660,"Av. Los Voluntarios 504, Comas",Viudo/a,2022-12-15
37,72429054,Jose,Sanchez Garcia,1990-08-19,jose.sanchez37@email.com,919886391,"Av. Los Voluntarios 454, Magdalena",Casado/a,2025-04-11
38,76603272,Diana,Herrera Chavez,2004-01-04,diana.herrera38@email.com,952686321,"Av. Los Voluntarios 796, San Borja",Soltero/a,2022-06-09
39,77249025,Ricardo,Silva Ruiz,1968-10-07,ricardo.silva39@email.com,980536976,"Av. Los Voluntarios 866, San Juan de Lurigancho",Viudo/a,2023-05-08
40,76717071,Rosa,Flores Fernandez,1990-04-04,rosa.flores40@email.com,993814551,"Av. Los Voluntarios 940, Lince",Viudo/a,2025-04-05
41,75768490,Daniel,Gonzalez Rivera,1991-04-23,daniel.gonzalez41@email.com,967315166,"Av. Los Voluntarios 640, San Juan de Lurigancho",Viudo/a,2024-04-16
42,70675076,Beatriz,Ramirez Gomez,1981-12-26,beatriz.ramirez42@email.com,995230135,"Av. Los Voluntarios 952, Breña",Casado/a,2022-06-17
43,71168805,Hugo,Sanchez Torres,1967-02-20,hugo.sanchez43@email.com,994060749,"Av. Los Voluntarios 289, Surco",Divorciado/a,2023-12-15
44,76246741,Isabel,Vargas Silva,1991-08-04,isabel.vargas44@email.com,910533306,"Av. Los Voluntarios 178, La Molina",Divorciado/a,2024-05-17
45,75409085,Luis,Huaman Gonzalez,1983-07-31,luis.huaman45@email.com,952003508,"Av. Los Voluntarios 268, Comas",Divorciado/a,2024-05-09
46,74821202,Lucia,Diaz Condori,1972-09-29,lucia.diaz46@email.com,969048426,"Av. Los Voluntarios 908, Surco",Divorciado/a,2024-08-27
47,75730247,Gustavo,Flores Alvarez,2007-05-31,gustavo.flores47@email.com,923050631,"Av. Los Voluntarios 353, Miraflores",Divorciado/a,2025-08-05
48,72775475,Beatriz,Ramos Nunez,1980-11-18,beatriz.ramos48@email.com,975709119,"Av. Los Voluntarios 150, Miraflores",Casado/a,2024-12-28
49,79417595,Miguel,Chavez Herrera,1967-12-15,miguel.chavez49@email.com,929155215,"Av. Los Voluntarios 740, San Martin de Porres",Casado/a,2023-06-26
50,75860536,Angela,Torres Rivera,2002-02-12,angela.torres50@email.com,920691252,"Av. Los Voluntarios 409, San Juan de Lurigancho",Divorciado/a,2025-06-18
51,78811609,Juan,Ramirez Torres,1965-10-07,juan.ramirez51@email.com,923838797,"Av. Los Voluntarios 766, Los Olivos",Divorciado/a,2022-03-28
52,72488411,Andrea,Gonzalez Morales,1994-05-12,andrea.gonzalez52@email.com,942194978,"Av. Los Voluntarios 505, Villa El Salvador",Divorciado/a,2022-06-08
53,70482987,Hugo,Mendoza Reyes,2001-08-09,hugo.mendoza53@email.com,928882307,"Av. Los Voluntarios 437, Jesus Maria",Divorciado/a,2024-01-28
54,79371694,Gabriela,Condori Nunez,1985-11-29,gabriela.condori54@email.com,925484864,"Av. Los Voluntarios 446, San Borja",Soltero/a,2023-11-12
55,70663528,Diego,Sanchez Castro,1979-10-18,diego.sanchez55@email.com,997824087,"Av. Los Voluntarios 289, San Borja",Soltero/a,2024-02-17
56,76126417,Maria,Medina Diaz,1969-06-26,maria.medina56@email.com,985586846,"Av. Los Voluntarios 532, La Molina",Divorciado/a,2022-06-27
57,77679491,Eduardo,Vargas Campos,1998-05-24,eduardo.vargas57@email.com,918565446,"Av. Los Voluntarios 526, Jesus Maria",Soltero/a,2023-01-02
58,73366990,Rosa,Rodriguez Herrera,1983-10-22,rosa.rodriguez58@email.com,946562629,"Av. Los Voluntarios 757, San Juan de Lurigancho",Soltero/a,2023-11-09
59,73725857,Carlos,Castro Rojas,1971-06-25,carlos.castro59@email.com,978112837,"Av. Los Voluntarios 451, San Borja",Casado/a,2025-09-07
60,78174603,Ana,Garcia Ramirez,1966-09-23,ana.garcia60@email.com,936723432,"Av. Los Voluntarios 480, Callao",Divorciado/a,2022-06-04
61,78982446,Miguel,Rivera Medina,2004-05-21,miguel.rivera61@email.com,999000473,"Av. Los Voluntarios 137, Callao",Soltero/a,2024-04-01
62,78145281,Cecilia,Ortiz Herrera,1986-02-12,cecilia.ortiz62@email.com,971504628,"Av. Los Voluntarios 988, San Miguel",Soltero/a,2022-03-02
63,77157121,Francisco,Gonzalez Rivera,1972-06-01,francisco.gonzalez63@email.com,967809185,"Av. Los Voluntarios 963, Surco",Viudo/a,2024-08-17
64,78251184,Diana,Torres Reyes,1966-02-21,diana.torres64@email.com,967854506,"Av. Los Voluntarios 972, Magdalena",Viudo/a,2025-03-20
65,70547803,Jose,Ortiz Jimenez,1972-02-12,jose.ortiz65@email.com,981004707,"Av. Los Voluntarios 558, Ate",Divorciado/a,2023-02-01
66,70512790,Beatriz,Rojas Herrera,2001-03-05,beatriz.rojas66@email.com,938448097,"Av. Los Voluntarios 683, Jesus Maria",Casado/a,2023-10-13
67,70490978,Juan,Vasquez Garcia,1997-06-11,juan.vasquez67@email.com,996029004,"Av. Los Voluntarios 345, San Isidro",Divorciado/a,2024-12-02
68,70944952,Sofia,Castillo Morales,1968-05-12,sofia.castillo68@email.com,974980676,"Av. Los Voluntarios 159, Los Olivos",Divorciado/a,2025-01-05
69,73596300,Rafael,Fernandez Garcia,1963-07-27,rafael.fernandez69@email.com,984640333,"Av. Los Voluntarios 415, San Miguel",Divorciado/a,2024-11-19
70,72531560,Gloria,Fernandez Fernandez,1973-05-06,gloria.fernandez70@email.com,986994096,"Av. Los Voluntarios 595, Miraflores",Casado/a,2024-11-30
71,78755421,Andres,Mamani Gutierrez,2002-05-30,andres.mamani71@email.com,989445946,"Av. Los Voluntarios 652, Surco",Divorciado/a,2023-02-04
72,78720561,Diana,Gutierrez Romero,1988-06-23,diana.gutierrez72@email.com,915691376,"Av. Los Voluntarios 495, Callao",Casado/a,2025-03-06
73,78565306,Raul,Jimenez Medina,2005-02-11,raul.jimenez73@email.com,977406438,"Av. Los Voluntarios 881, Miraflores",Viudo/a,2025-02-12
74,79769119,Teresa,Lopez Gutierrez,1999-09-05,teresa.lopez74@email.com,976734157,"Av. Los Voluntarios 336, Jesus Maria",Divorciado/a,2024-11-25
75,74159136,Victor,Perez Romero,1998-12-09,victor.perez75@email.com,943045530,"Av. Los Voluntarios 167, Comas",Casado/a,2024-07-14
76,78604680,Ana,Rivera Castro,1979-12-22,ana.rivera76@email.com,990507661,"Av. Los Voluntarios 165, San Miguel",Soltero/a,2024-06-11
77,78166554,Rafael,Gonzalez Gutierrez,2001-11-07,rafael.gonzalez77@email.com,954889903,"Av. Los Voluntarios 467, Surco",Divorciado/a,2025-05-21
78,79442843,Claudia,Huaman Rojas,1987-02-20,claudia.huaman78@email.com,928246366,"Av. Los Voluntarios 145, Surco",Divorciado/a,2024-02-22
79,71341594,Hugo,Flores Sanchez,1984-12-16,hugo.flores79@email.com,972549762,"Av. Los Voluntarios 631, Callao",Casado/a,2024-05-02
80,76350986,Carmen,Reyes Rojas,1995-10-29,carmen.reyes80@email.com,993164473,"Av. Los Voluntarios 287, Lima",Divorciado/a,2024-06-27
81,72830502,Enrique,Lopez Gutierrez,1979-04-12,enrique.lopez81@email.com,918535695,"Av. Los Voluntarios 648, Surco",Soltero/a,2024-07-21
82,76418952,Martha,Jimenez Chavez,1965-04-11,martha.jimenez82@email.com,960000847,"Av. Los Voluntarios 553, Jesus Maria",Casado/a,2024-01-18
83,72763016,Miguel,Romero Jimenez,2000-06-24,miguel.romero83@email.com,953768011,"Av. Los Voluntarios 910, Pueblo Libre",Soltero/a,2025-01-05
84,74764814,Valeria,Ramirez Diaz,1963-01-25,valeria.ramirez84@email.com,942932258,"Av. Los Voluntarios 200, Villa El Salvador",Casado/a,2024-09-23
85,78623341,Oscar,Ruiz Quispe,1992-01-28,oscar.ruiz85@email.com,974527413,"Av. Los Voluntarios 963, Los Olivos",Divorciado/a,2025-04-11
86,72916547,Lucia,Chavez Ruiz,2001-09-28,lucia.chavez86@email.com,915457247,"Av. Los Voluntarios 213, Lince",Viudo/a,2024-10-10
87,73517121,Oscar,Reyes Chavez,1967-06-06,oscar.reyes87@email.com,939325579,"Av. Los Voluntarios 149, San Miguel",Divorciado/a,2023-08-02
88,70663726,Monica,Huaman Herrera,1978-05-25,monica.huaman88@email.com,937960263,"Av. Los Voluntarios 250, Ate",Divorciado/a,2022-01-06
89,73476114,Jorge,Rivera Morales,1965-09-07,jorge.rivera89@email.com,910022599,"Av. Los Voluntarios 727, Miraflores",Divorciado/a,2025-08-11
90,70779977,Silvia,Mamani Silva,1963-07-22,silvia.mamani90@email.com,918411604,"Av. Los Voluntarios 780, Lince",Casado/a,2025-07-22
91,79469517,Antonio,Medina Sanchez,2002-08-12,antonio.medina91@email.com,972458632,"Av. Los Voluntarios 719, Pueblo Libre",Divorciado/a,2022-01-24
92,76263730,Ana,Alvarez Vasquez,1960-01-26,ana.alvarez92@email.com,967650975,"Av. Los Voluntarios 737, Comas",Casado/a,2024-10-13
93,70540644,Enrique,Chavez Mendoza,1971-06-29,enrique.chavez93@email.com,998330529,"Av. Los Voluntarios 279, San Juan de Lurigancho",Casado/a,2022-02-09
94,76122486,Diana,Condori Diaz,1962-08-12,diana.condori94@email.com,955264622,"Av. Los Voluntarios 863, Callao",Casado/a,2021-10-22
95,76238805,Jose,Herrera Ruiz,1986-02-19,jose.herrera95@email.com,983012221,"Av. Los Voluntarios 831, Pueblo Libre",Soltero/a,2024-09-09
96,79688819,Daniela,Huaman Jimenez,1981-08-12,daniela.huaman96@email.com,941946106,"Av. Los Voluntarios 842, Ate",Soltero/a,2022-01-16
97,79101259,Luis,Cruz Gonzalez,2002-04-07,luis.cruz97@email.com,920803481,"Av. Los Voluntarios 275, Surco",Viudo/a,2025-04-15
98,79454252,Claudia,Garcia Castro,1974-01-31,claudia.garcia98@email.com,939230878,"Av. Los Voluntarios 651, San Miguel",Soltero/a,2023-07-18
99,74943407,Enrique,Gonzalez Huaman,1981-01-02,enrique.gonzalez99@email.com,940440620,"Av. Los Voluntarios 612, San Martin de Porres",Divorciado/a,2025-08-08
100,71726254,Teresa,Rodriguez Alvarez,1963-05-06,teresa.rodriguez100@email.com,986364172,"Av. Los Voluntarios 157, Surco",Viudo/a,2022-08-23
101,75601862,Pedro,Gonzalez Condori,1999-07-28,pedro.gonzalez101@email.com,942163376,"Av. Los Voluntarios 937, Pueblo Libre",Divorciado/a,2023-11-08
102,73530892,Veronica,Reyes Perez,1975-12-26,veronica.reyes102@email.com,950806746,"Av. Los Voluntarios 889, Jesus Maria",Viudo/a,2022-06-25
103,75651826,Victor,Lopez Martinez,1965-01-16,victor.lopez103@email.com,960067012,"Av. Los Voluntarios 932, San Martin de Porres",Divorciado/a,2024-06-11
104,71678356,Beatriz,Campos Alvarez,1963-05-29,beatriz.campos104@email.com,910915753,"Av. Los Voluntarios 240, Villa El Salvador",Casado/a,2022-02-20
105,79875343,Gustavo,Campos Ramos,1990-07-03,gustavo.campos105@email.com,977205831,"Av. Los Voluntarios 391, Magdalena",Divorciado/a,2025-02-27
106,74404462,Claudia,Diaz Huaman,1988-02-16,claudia.diaz106@email.com,998882477,"Av. Los Voluntarios 647, San Isidro",Viudo/a,2023-06-11
107,73689105,Victor,Nunez Huaman,1993-06-10,victor.nunez107@email.com,949323259,"Av. Los Voluntarios 536, Surco",Casado/a,2023-01-25
108,78533997,Maria,Martinez Cruz,1967-06-10,maria.martinez108@email.com,991875747,"Av. Los Voluntarios 379, San Miguel",Viudo/a,2025-08-08
109,70745435,Manuel,Diaz Alvarez,1990-12-30,manuel.diaz109@email.com,944523650,"Av. Los Voluntarios 260, Villa Maria del Triunfo",Viudo/a,2023-04-26
110,72691496,Gloria,Vasquez Perez,1987-07-29,gloria.vasquez110@email.com,923149872,"Av. Los Voluntarios 226, Miraflores",Viudo/a,2023-05-03
111,75687567,Andres,Diaz Castillo,1977-09-19,andres.diaz111@email.com,994606180,"Av. Los Voluntarios 585, Lima",Viudo/a,2022-08-19
112,76230396,Daniela,Ruiz Herrera,1972-07-22,daniela.ruiz112@email.com,980660969,"Av. Los Voluntarios 343, Miraflores",Viudo/a,2023-08-22
113,77188845,Javier,Diaz Silva,1995-09-04,javier.diaz113@email.com,941134255,"Av. Los Voluntarios 477, Lima",Divorciado/a,2025-04-09
114,72496518,Gabriela,Ramos Sanchez,1989-09-13,gabriela.ramos114@email.com,986701605,"Av. Los Voluntarios 202, Surco",Viudo/a,2023-01-30
115,75647342,Mario,Alvarez Vargas,1972-04-12,mario.alvarez115@email.com,930792607,"Av. Los Voluntarios 496, San Miguel",Viudo/a,2025-03-02
116,77669432,Gabriela,Condori Campos,1988-03-30,gabriela.condori116@email.com,971188544,"Av. Los Voluntarios 476, San Juan de Lurigancho",Viudo/a,2023-03-08
117,77131620,Francisco,Garcia Vargas,1967-01-25,francisco.garcia117@email.com,937194000,"Av. Los Voluntarios 414, San Isidro",Viudo/a,2022-05-02
118,71641481,Isabel,Castillo Herrera,1993-01-07,isabel.castillo118@email.com,913220015,"Av. Los Voluntarios 497, Magdalena",Viudo/a,2024-12-11
119,78295943,Victor,Fernandez Torres,1980-03-11,victor.fernandez119@email.com,968379120,"Av. Los Voluntarios 613, San Isidro",Viudo/a,2023-10-14
120,78131389,Julia,Ramirez Silva,1969-12-22,julia.ramirez120@email.com,927321735,"Av. Los Voluntarios 679, San Martin de Porres",Divorciado/a,2024-10-22
121,79470222,Hugo,Quispe Castillo,1998-02-02,hugo.quispe121@email.com,918592686,"Av. Los Voluntarios 392, San Miguel",Viudo/a,2024-12-02
122,75267110,Sofia,Nunez Martinez,1976-07-07,sofia.nunez122@email.com,911884749,"Av. Los Voluntarios 684, Comas",Casado/a,2024-08-28
123,72151104,Victor,Flores Gonzalez,2007-06-23,victor.flores123@email.com,952805996,"Av. Los Voluntarios 501, La Molina",Viudo/a,2024-08-25
124,75211404,Rosa,Lopez Nunez,1968-02-06,rosa.lopez124@email.com,959312673,"Av. Los Voluntarios 859, Miraflores",Soltero/a,2023-03-24
125,70626166,Pablo,Cruz Chavez,1978-02-07,pablo.cruz125@email.com,985537250,"Av. Los Voluntarios 350, Ate",Viudo/a,2021-10-11
126,70812103,Sofia,Torres Herrera,1995-12-01,sofia.torres126@email.com,998884718,"Av. Los Voluntarios 473, Breña",Casado/a,2022-05-12
127,75929030,Juan,Mamani Castillo,1982-01-08,juan.mamani127@email.com,992233037,"Av. Los Voluntarios 473, Magdalena",Casado/a,2025-01-07
128,75192016,Sofia,Rodriguez Sanchez,1973-11-23,sofia.rodriguez128@email.com,976957145,"Av. Los Voluntarios 791, San Miguel",Soltero/a,2023-07-13
129,79854694,Arturo,Mamani Flores,1985-07-08,arturo.mamani129@email.com,925688950,"Av. Los Voluntarios 217, Callao",Divorciado/a,2021-10-18
130,76305593,Roxana,Condori Garcia,1997-05-20,roxana.condori130@email.com,952315628,"Av. Los Voluntarios 939, San Martin de Porres",Soltero/a,2022-07-21
131,79778727,Alberto,Ruiz Perez,1988-05-26,alberto.ruiz131@email.com,968118531,"Av. Los Voluntarios 159, Ate",Viudo/a,2022-02-06
132,71310746,Silvia,Morales Vasquez,1989-04-15,silvia.morales132@email.com,996591478,"Av. Los Voluntarios 511, Comas",Soltero/a,2023-01-10
133,79582100,Pedro,Ramos Gomez,1969-02-27,pedro.ramos133@email.com,955285520,"Av. Los Voluntarios 790, Miraflores",Soltero/a,2025-08-24
134,79398585,Diana,Perez Ruiz,1962-01-02,diana.perez134@email.com,988180038,"Av. Los Voluntarios 622, San Borja",Casado/a,2021-10-28
135,71212901,Andres,Ramos Reyes,1986-05-12,andres.ramos135@email.com,951653204,"Av. Los Voluntarios 797, Los Olivos",Divorciado/a,2024-12-16
136,77788132,Isabel,Castro Ramirez,1997-10-01,isabel.castro136@email.com,912977480,"Av. Los Voluntarios 303, La Molina",Casado/a,2024-07-25
137,73871756,Eduardo,Diaz Chavez,1996-01-14,eduardo.diaz137@email.com,928500420,"Av. Los Voluntarios 540, Surco",Soltero/a,2024-05-08
138,73936290,Silvia,Perez Sanchez,1991-01-27,silvia.perez138@email.com,994471770,"Av. Los Voluntarios 125, San Martin de Porres",Soltero/a,2023-09-09
139,76531484,Pablo,Jimenez Vargas,2005-06-24,pablo.jimenez139@email.com,913968395,"Av. Los Voluntarios 492, San Isidro",Casado/a,2022-06-26
140,73549071,Roxana,Ramos Martinez,1967-07-09,roxana.ramos140@email.com,923956547,"Av. Los Voluntarios 786, Miraflores",Viudo/a,2024-04-25
141,75156763,Sergio,Perez Perez,1964-02-28,sergio.perez141@email.com,928914479,"Av. Los Voluntarios 699, Jesus Maria",Viudo/a,2022-06-13
142,73936181,Lucia,Morales Medina,2000-11-16,lucia.morales142@email.com,977754022,"Av. Los Voluntarios 147, Comas",Soltero/a,2023-09-30
143,70986143,Roberto,Medina Romero,1980-01-20,roberto.medina143@email.com,966952587,"Av. Los Voluntarios 307, Los Olivos",Divorciado/a,2022-05-20
144,73632889,Sofia,Vasquez Quispe,2003-12-12,sofia.vasquez144@email.com,911568489,"Av. Los Voluntarios 945, Comas",Divorciado/a,2023-08-27
145,75673388,Fernando,Cruz Ramos,1998-09-08,fernando.cruz145@email.com,993495230,"Av. Los Voluntarios 130, San Miguel",Casado/a,2022-06-25
146,77946378,Gloria,Castillo Nunez,1966-11-23,gloria.castillo146@email.com,929092127,"Av. Los Voluntarios 192, San Miguel",Divorciado/a,2023-02-28
147,79488170,Miguel,Ramos Alvarez,1971-04-20,miguel.ramos147@email.com,928283584,"Av. Los Voluntarios 883, San Juan de Lurigancho",Viudo/a,2025-05-05
148,72937979,Claudia,Ramirez Lopez,1968-03-25,claudia.ramirez148@email.com,981113408,"Av. Los Voluntarios 847, Pueblo Libre",Divorciado/a,2025-04-30
149,74346984,Daniel,Rojas Ramos,1991-09-29,daniel.rojas149@email.com,945079513,"Av. Los Voluntarios 319, Villa Maria del Triunfo",Divorciado/a,2025-02-15
150,75500700,Beatriz,Condori Nunez,2007-01-24,beatriz.condori150@email.com,934015834,"Av. Los Voluntarios 961, Comas",Divorciado/a,2023-01-11
